avg_age,gender
1.4185507246376812,
27.337558372248164,female
25.13972101532129,male
13.654104979811574,mixed
16.5,other
